position	conservation_percent
1	100.0
2	100.0
3	100.0
4	100.0
5	100.0
6	100.0
7	100.0
8	100.0
9	100.0
10	100.0
11	100.0
12	100.0
13	100.0
14	100.0
15	100.0
16	100.0
17	100.0
18	100.0
19	100.0
20	100.0
21	100.0
22	100.0
23	100.0
24	100.0
25	100.0
26	100.0
27	100.0
28	100.0
29	100.0
30	100.0
31	100.0
32	100.0
33	100.0
34	100.0
35	100.0
36	100.0
37	100.0
38	100.0
39	100.0
40	100.0
41	100.0
42	100.0
43	100.0
44	100.0
45	100.0
46	100.0
47	50.0
48	100.0
49	50.0
50	33.33
51	33.33
52	33.33
53	66.67
54	33.33
55	81.82
56	72.73
57	63.64
58	36.36
59	100.0
60	77.5
61	65.0
62	97.5
63	100.0
64	47.5
65	47.5
66	100.0
67	55.0
68	50.0
69	47.5
70	47.5
71	50.0
72	47.5
73	100.0
74	100.0
75	37.5
76	47.5
77	47.5
78	47.5
79	47.5
80	47.5
81	70.0
82	70.0
83	65.0
84	51.28
85	47.5
86	70.0
87	47.5
88	70.0
89	32.5
90	40.0
91	47.5
92	97.5
93	77.5
94	70.0
95	70.0
96	70.0
97	92.5
98	47.5
99	52.5
100	50.0
101	100.0
102	100.0
103	80.0
104	67.5
105	70.0
106	47.5
107	75.0
108	47.5
109	47.5
110	47.5
111	100.0
112	92.5
113	50.0
114	47.5
115	58.0
116	76.0
117	100.0
118	78.0
119	84.0
120	76.0
121	76.0
122	76.0
123	76.0
124	100.0
125	58.0
126	100.0
127	76.0
128	58.0
129	76.0
130	100.0
131	100.0
132	76.0
133	100.0
134	98.0
135	100.0
136	59.18
137	100.0
138	100.0
139	82.0
140	100.0
141	100.0
142	86.0
143	58.0
144	98.0
145	78.0
146	56.0
147	58.0
148	76.0
149	58.0
150	74.0
151	58.0
152	100.0
153	58.0
154	76.0
155	58.0
156	82.0
157	58.0
158	100.0
159	100.0
160	100.0
161	58.0
162	82.0
163	100.0
164	100.0
165	100.0
166	100.0
167	100.0
168	100.0
169	100.0
170	100.0
171	100.0
172	100.0
173	100.0
174	76.0
175	100.0
176	76.0
177	58.0
178	58.0
179	58.0
180	76.0
181	58.0
182	76.0
183	76.0
184	76.0
185	100.0
186	96.0
187	100.0
188	58.0
189	76.0
190	60.0
191	59.18
192	59.18
193	59.18
194	77.55
195	58.0
196	72.0
197	58.0
198	58.0
199	70.73
200	76.32
201	76.32
202	52.63
203	76.32
204	78.95
205	76.32
206	66.0
207	58.0
208	76.0
209	58.0
210	56.0
211	76.0
212	76.0
213	60.0
214	58.0
215	76.0
216	76.0
217	58.0
218	58.0
219	82.0
220	58.0
221	58.0
222	92.0
223	76.0
224	58.0
225	100.0
226	100.0
227	90.0
228	100.0
229	76.0
230	76.0
231	58.0
232	100.0
233	100.0
234	100.0
235	100.0
236	100.0
237	100.0
238	56.0
239	42.0
240	100.0
241	76.0
242	62.0
243	76.0
244	100.0
245	74.36
246	74.36
247	97.44
248	100.0
249	100.0
250	100.0
251	100.0
252	100.0
253	100.0
254	100.0
255	100.0
256	100.0
257	100.0
258	100.0
259	100.0
260	100.0
261	100.0
262	100.0
263	100.0
264	100.0
265	100.0
266	100.0
267	100.0
268	100.0
269	100.0
270	100.0
271	100.0
272	100.0
273	100.0
274	100.0
275	100.0
276	100.0
277	100.0
278	100.0
279	100.0
280	100.0
281	100.0
282	100.0
283	100.0
284	100.0
285	100.0
286	100.0
287	100.0
288	100.0
289	100.0
290	100.0
291	100.0
292	50.0
293	91.67
294	100.0
295	76.0
296	60.0
297	56.0
298	76.0
299	58.0
300	74.0
301	56.0
302	56.0
303	76.32
304	76.0
305	58.0
306	64.0
307	77.55
308	79.59
309	74.0
310	64.0
311	42.0
312	76.0
313	56.0
314	58.0
315	76.0
316	42.0
317	82.0
318	76.0
319	100.0
320	76.0
321	56.0
322	76.0
323	82.0
324	98.0
325	82.0
326	76.0
327	76.0
328	76.0
329	44.0
330	82.0
331	58.0
332	58.0
333	72.0
334	58.0
335	70.0
336	100.0
337	84.0
338	76.0
339	100.0
340	100.0
341	100.0
342	100.0
343	100.0
344	100.0
345	100.0
346	100.0
347	100.0
348	100.0
349	100.0
350	100.0
351	100.0
352	100.0
353	100.0
354	100.0
355	100.0
356	100.0
357	100.0
358	100.0
359	100.0
360	100.0
361	100.0
362	100.0
363	100.0
364	100.0
365	100.0
366	100.0
367	100.0
368	100.0
369	100.0
370	100.0
371	100.0
372	100.0
373	100.0
374	100.0
375	100.0
376	100.0
377	100.0
378	100.0
379	98.0
380	82.0
381	58.0
382	58.0
383	68.0
384	100.0
385	58.0
386	76.0
387	88.0
388	100.0
389	70.0
390	70.0
391	96.0
392	56.0
393	100.0
394	58.0
395	58.0
396	76.0
397	94.0
398	100.0
399	76.0
400	100.0
401	92.0
402	100.0
403	58.0
404	86.0
405	43.75
406	85.11
407	59.57
408	61.7
409	85.11
410	41.3
411	60.87
412	60.87
413	88.89
414	93.02
415	83.33
416	85.71
417	47.73
418	47.73
419	63.64
420	65.12
421	41.86
422	62.79
423	42.86
424	43.9
425	39.02
426	66.67
427	23.53
428	75.0
429	66.67
430	66.67
431	75.0
432	81.82
433	51.16
434	80.65
435	87.1
436	58.06
437	52.94
438	41.86
439	44.19
440	39.53
441	43.9
442	65.85
443	87.8
444	39.02
445	34.15
446	68.29
447	41.46
448	70.73
449	63.41
450	65.85
451	95.12
452	46.34
453	43.9
454	79.49
455	66.67
456	66.67
457	46.15
458	46.15
459	41.03
460	38.46
461	66.67
462	46.15
463	92.31
464	51.28
465	100.0
466	43.59
467	48.72
468	43.59
469	97.44
470	69.23
471	100.0
472	56.41
473	69.23
474	84.62
475	82.05
476	69.23
477	84.62
478	66.67
479	97.44
480	89.74
481	46.15
482	100.0
483	58.97
484	46.15
485	76.92
486	69.23
487	46.15
488	97.44
489	48.72
490	100.0
491	69.23
492	69.23
493	66.67
494	46.15
495	58.97
496	100.0
497	46.15
498	71.79
499	58.97
500	46.15
501	46.15
502	69.23
503	69.23
504	33.33
505	50.0
506	100.0
